Participant,Task,Trial,Cosine Error,Static Cosine Error,Moving Cosine Error,Euclidean Error,Static Euclidean Error,Moving Euclidean Error,Spatial Precision_Transition,Spatial Precision_Fixation,Spatial Precision_Pursuit,Recalibrated_Euclidean Error,Recalibrated_Static Euclidean Error,Recalibrated_Moving Euclidean Error,Recalibrated_Spatial Precision_Transition,Recalibrated_Spatial Precision_Fixation,Recalibrated_Spatial Precision_Pursuit
p03,calibration,1.5,1.460179692220974,1.460179692220974,,1.5316883444074638,1.5316883444074638,,2.845954486028245,0.2867869023391041,,2.858861385213345,2.858861385213345,,2.6000909601839015,0.2618960941385984,
p03,screenStabilized_headConstrained,1.5,1.3740215420496735,1.6325892712298893,1.2967125866259925,1.4245224172788862,1.719364326045423,1.3363652814461346,,,0.3744115927623296,2.6346250548659147,3.592107469729117,2.348300368234874,,,0.34223903327640226
p03,screenStabilized_walking,1.5,2.577997522992243,2.747892220357172,2.52715203524882,4.208139286381448,4.942731409644683,3.9882815017838236,,,,11.308375399574302,13.11078089076324,10.768985306548025,,,
p03,worldStabilized_bodyConstrained,1.5,1.6245144231957325,1.5480932569222898,1.6473772651833554,1.781748083967488,1.7513239712209276,1.7908500345952674,,,,4.543187129274425,4.92450659485547,4.429108175582588,,,
p03,worldStabilized_sphere,1.5,2.110277607959668,1.3284638884046793,3.0380888462267728,2.888539124391395,1.6094427626731955,4.406500820051077,,,,11.245041051255955,10.725241919992172,11.861909719687912,,,
p03,worldStabilized_sphere_VR,1.5,2.2080317284459134,1.3682479358086554,3.2088713628790053,2.978520084088064,1.6494359702634724,4.562484850447843,,,,11.339678227484425,10.833058190937383,11.943450435804507,,,
p03,worldStabilized_walking,1.5,2.528227001887368,2.228953764771857,2.6177724309277215,4.187897875318473,3.8841867156367886,4.278776814691254,,,,11.842598249312807,10.878493046659461,12.131096412573672,,,
p04,calibration,1.5,1.5418614879812913,1.5418614879812913,,1.5958653792237976,1.5958653792237976,,3.191910446156716,0.4053510182717678,,3.077096752343561,3.077096752343561,,2.7655108628353346,0.35204788267427833,
p04,screenStabilized_headConstrained,1.5,1.292515083162763,1.0519817076294018,1.3644752065910262,1.340871993232116,1.1113309040689177,1.4095435656133497,,,0.382515508901378,2.2818735344053165,3.2692966770818206,1.9864671648511267,,,0.3328057529107925
p04,screenStabilized_walking,1.5,8.430781569684203,6.924572926636192,8.880197807090479,16.01838192284371,13.186085089549865,16.863031887884226,,,,26.88278182986808,25.46217250247977,27.305864138485973,,,
p04,worldStabilized_bodyConstrained,1.5,1.5002157298594594,1.422682732535296,1.5234147514137044,1.727845871947027,1.7589130882242232,1.71854883191715,,,,4.929114274866034,5.69725859216641,4.6992632675660015,,,
p04,worldStabilized_sphere,1.5,2.4677601343416833,1.9562768772697,3.0747531351192685,3.944821724270679,3.129409360374522,4.912493246099583,,,,17.14300181478764,16.965929843830097,17.35312603096874,,,
p04,worldStabilized_sphere_VR,1.5,6.3883422243500405,6.078790970054761,6.757169758386777,9.195102345435522,8.384611827340606,10.16065744191191,,,,20.30739897271259,20.246642601260156,20.379725103885136,,,
p04,worldStabilized_walking,1.5,4.6249101639831185,4.436983255315515,4.680545349667365,8.718793184489574,8.269904865753883,8.85208101391314,,,,22.642439257233505,22.35119308501013,22.728856773120633,,,
p05,calibration,1.5,1.7156059461281674,1.7156059461281674,,3.6095896635255853,3.6095896635255853,,11.054853511837646,0.9346788498286425,,23.349033458923298,23.349033458923298,,13.761921370193251,1.407620648676897,
p05,screenStabilized_headConstrained,1.5,1.6974839747552306,1.6721063797709608,1.7051445808253396,4.269819352255817,2.724265840264028,4.734474470761918,,,2.7188455922717556,21.81265883155168,21.5347242142282,21.896398699466637,,,4.056555213878493
p05,screenStabilized_walking,1.5,2.617584596399679,3.0420149750037364,2.490670714227245,4.1404010316155375,4.639770439932932,3.991720533674818,,,,36.94278104321558,32.156172950198055,38.37581887174778,,,
p05,worldStabilized_bodyConstrained,1.5,1.5975869414317092,1.3671510648496654,1.6668348090706118,2.76762932250925,1.6009567031908314,3.118149090760529,,,,20.221888847790808,22.70392107641114,19.476234398483953,,,
p05,worldStabilized_sphere,1.5,2.5086247034635054,1.8473239276507414,3.294068539414205,3.278545163591885,2.312679591012388,4.425747362953308,,,,37.43614292056576,37.30638958461054,37.58977868389854,,,
p05,worldStabilized_sphere_VR,1.5,2.6573923740202874,1.8809195293585552,3.575699082081556,3.5415262620607812,2.43434479986513,4.85105026510427,,,,35.983268775737585,35.61967207418044,36.413643719559076,,,
p05,worldStabilized_walking,1.5,2.257968816405151,1.9207391126917468,2.3590553253080397,3.3542539133507727,2.502219590432622,3.6097337648993153,,,,41.46049271856381,38.27293642131559,42.41662976425026,,,
p06_incomplete,calibration,1.0,2.807280136306615,2.807280136306615,,2.959366494394542,2.959366494394542,,3.378437510002641,1.1690989230462523,,31.396010270019648,31.396010270019648,,8.925232306878716,3.2082997301887657,
p06_incomplete,screenStabilized_headConstrained,1.5,3.499776618285181,4.304364637856301,3.257800808305644,3.6230689002325187,4.531826851388498,3.3497676637085103,,,0.7716014963179099,31.44349381794209,30.947907521843014,31.59252058423641,,,4.707539432516935
p06_incomplete,screenStabilized_walking,1.5,2.7396955949441786,3.3379982264802868,2.5609790196582503,4.424647320236858,4.630702864416139,4.363601615785113,,,,20.99475283365307,20.4401835212457,21.162067905546614,,,
p06_incomplete,worldStabilized_bodyConstrained,1.5,1.7272979418713361,1.875122315328663,1.6828324195384072,1.9320783375810446,2.1488931266936655,1.8668685703593693,,,,31.635149739494786,30.64603690871433,31.93252989255844,,,
p06_incomplete,worldStabilized_sphere,1.5,2.89746681169892,2.1784933603630234,3.75043233463879,4.768355013082356,3.7412886791845326,5.986835695717882,,,,21.606999109953094,21.50043890574642,21.73347987693986,,,
p06_incomplete,worldStabilized_sphere_VR,1.5,2.872584322961756,1.9080534444926953,4.012451201633642,4.544033280646722,2.9370153386288718,6.443773079431132,,,,21.92534395984869,21.617978385782244,22.289024067737564,,,
p06_incomplete,worldStabilized_walking,1.5,2.246977657164403,2.2027016695384436,2.260328002238643,3.4703207662299063,3.4550040792004744,3.475310691675358,,,,21.691139254313725,21.359274042824957,21.79062471992918,,,
p07,calibration,1.5,1.6763059375343454,1.6763059375343454,,1.7466297433486921,1.7466297433486921,,3.5285709114589547,0.7167779704390724,,3.0455000914168853,3.0455000914168853,,3.026360681271198,0.6110067515590245,
p07,screenStabilized_headConstrained,1.5,2.0485956278971265,1.8403315742955164,2.110901771356888,2.1226574029059826,1.9503397590470257,2.1742094958056146,,,0.8407194728668699,2.808668909472907,3.6731578948380097,2.550040625762572,,,0.7146153341718118
p07,screenStabilized_walking,1.5,3.3092297447944468,3.249914415390071,3.326943794303972,5.7076273481477315,4.2250589077867495,6.150261137970656,,,,20.417278688414527,18.451955283396256,21.002761895230044,,,
p07,worldStabilized_bodyConstrained,1.5,1.9411731013953302,1.9960531068939433,1.9247547063985153,2.197566465467708,2.367755017614356,2.1466513307534756,,,,5.53043354937844,6.914084500953653,5.116488112342088,,,
p07,worldStabilized_sphere,1.5,3.3441889462145893,3.044967625092604,3.699363226427855,4.2277329031360695,3.5379891486378137,5.046439527266225,,,,18.95766322635464,18.989959122719128,18.91932526390419,,,
p07,worldStabilized_sphere_VR,1.5,3.5038434008246426,3.0594583642586057,4.032050245028816,4.390733319897507,3.5466114804324484,5.3940196171391595,,,,19.02652978247859,19.06220772342271,18.98413940198897,,,
p07,worldStabilized_walking,1.5,4.315867233669625,4.240883597975305,4.338353770039008,6.148904054771352,6.12678643915621,6.155718645732563,,,,20.93995947017325,20.30378257808821,21.130595489644463,,,
p08,calibration,1.5,1.6966850760296415,1.6966850760296415,,1.820587776665072,1.820587776665072,,2.486393667901275,0.5211647731679799,,2.4964961279118425,2.4964961279118425,,2.3782512800182936,0.4948507526632071,
p08,screenStabilized_headConstrained,1.5,2.139763829935241,2.028601040580981,2.1730202876921947,2.225460831757578,2.153075932353805,2.247116147922696,,,0.8041759849434618,2.6075168822219466,2.8765632360269056,2.5270265603079975,,,0.7610337897050534
p08,screenStabilized_walking,1.5,2.92911826208578,3.607974573516734,2.7260478387146776,4.401326582270782,4.916188741896953,4.247066603335208,,,,9.208744415794328,9.229982146795434,9.202367118590214,,,
p08,worldStabilized_bodyConstrained,1.5,1.8379930671177163,1.3766583239534889,1.9760101093939948,2.0116709053504143,1.5604836625258411,2.1466521303505637,,,,3.2459670153802387,3.206324172893698,3.2578269239357693,,,
p08,worldStabilized_sphere,1.5,3.29981820185258,2.513559312609841,4.233038060428353,4.585867628884969,3.2468730197251174,6.175132904869162,,,,10.053576491100749,9.285979801348972,10.964660850681774,,,
p08,worldStabilized_sphere_VR,1.5,3.495200820127639,2.5540845775988243,4.6123704361827595,4.85512407084491,3.214150634578737,6.803095807208891,,,,9.931330515142356,9.03675118046717,10.993425392355658,,,
p08,worldStabilized_walking,1.5,6.952487168119301,6.121229634896336,7.201290479742697,10.973904159832815,10.295277202209373,11.17711021152533,,,,15.349032415074799,14.680377771213944,15.549182822782566,,,
p09,calibration,1.5,1.645288178273443,1.645288178273443,,1.729990733827095,1.729990733827095,,2.845934231939225,0.5857530229958328,,2.542566889358796,2.542566889358796,,2.6957651562423166,0.555538453329186,
p09,screenStabilized_headConstrained,1.5,1.9435843758308677,2.148304493029288,1.8823384681925592,2.0161496616774066,2.2527762504607267,1.9453583276369666,,,0.6675055449765567,2.4796681369943796,3.189889656608792,2.267191892899209,,,0.6362837182452601
p09,screenStabilized_walking,1.5,3.478507806245978,3.5839272634184254,3.4469851534672804,6.426005829478677,6.88331261967463,6.288546329353261,,,,10.210373615748347,10.624017184280978,10.085556429036632,,,
p09,worldStabilized_bodyConstrained,1.5,2.3306301128803586,2.283582992574622,2.344705151642186,2.565506096226164,2.6427625728870874,2.542393355286054,,,,3.4185442733659173,3.8389525381319665,3.292771163685216,,,
p09,worldStabilized_sphere,1.5,2.422087071005155,1.8579427042882308,3.0917063545280925,3.3905577199472137,2.36072233925322,4.612926696180138,,,,8.424699576320423,7.697146747758459,9.288268066281361,,,
p09,worldStabilized_sphere_VR,1.5,2.6634401726970403,1.891903865588659,3.5832886967112225,3.524652424026756,2.2775271345322143,5.011516294780497,,,,7.8793517074145845,7.21064409768052,8.676559205626361,,,
p09,worldStabilized_walking,1.5,5.1655957735622895,4.836596348098413,5.264469211978653,8.3200161396276,6.905131669219081,8.745049548208357,,,,11.424338293306956,9.962159836555497,11.863574360476115,,,
p10,calibration,1.5,2.011721538531517,2.011721538531517,,2.102698455128995,2.102698455128995,,3.1076313409275884,0.6430028913772604,,3.4903293145685703,3.4903293145685703,,2.660568845473227,0.5491589124487026,
p10,screenStabilized_headConstrained,1.5,2.448437286468643,2.240469964849372,2.510654656925377,2.541241994640867,2.371777931026381,2.5919403848634834,,,0.6656846444760476,3.6802710947466433,4.342188914719838,3.482245818965189,,,0.56930454970968
p10,screenStabilized_walking,1.5,7.102051930724761,8.958742569078474,6.5474519919949605,12.298535617266445,16.465582105556145,11.055128575597818,,,,25.654769486488465,30.841940736995287,24.106332683890734,,,
p10,worldStabilized_bodyConstrained,1.5,1.8933250340757746,1.7245341391520104,1.9438220331111387,2.102390158681583,1.9332172515293176,2.1530014439238125,,,,5.206599375699755,6.090968988797094,4.942023424967033,,,
p10,worldStabilized_sphere,1.5,3.330449169797264,2.4743562784697737,4.346471502361759,4.560446978778453,3.286247235920176,6.072684036236627,,,,19.66164279276719,19.36718816840187,20.011105423882064,,,
p10,worldStabilized_sphere_VR,1.5,4.207936570073018,3.531493426986114,5.01342560431247,5.52121142739058,4.3299321287899595,6.939746294691629,,,,19.4796079497457,19.024880867793264,20.021104738382487,,,
p10,worldStabilized_walking,1.5,4.825361152200552,5.220207070407422,4.707099005217399,6.988791082098917,7.96668196121887,6.695898412965694,,,,21.82855540092931,23.599366799249026,21.2981713999535,,,
p11,calibration,1.5,3.0429900432059394,3.0429900432059394,,3.159567001779007,3.159567001779007,,2.7313683119606127,0.4707363362657778,,3.314762564837543,3.314762564837543,,2.440487484639611,0.41990847076413906,
p11,screenStabilized_headConstrained,1.5,3.2167585538495436,2.836610568508748,3.3305188426740617,3.3119466017507175,2.965951628984797,3.4154867904162867,,,0.6262582375373693,3.3396746723240387,3.8553397030931293,3.1853656478106074,,,0.5578561502348626
p11,screenStabilized_walking,1.5,3.445200543991337,3.479372879418965,3.4348838147228844,5.543425848883274,5.1213616526871775,5.669002251657904,,,,17.106364672559508,15.169509625725265,17.683830772521063,,,
p11,worldStabilized_bodyConstrained,1.5,2.4975762860129374,2.398394082136198,2.5272689676971876,2.7453101038312444,2.781194078589561,2.7345749604048013,,,,4.964407660055212,5.4380974372468796,4.8226464144134145,,,
p11,worldStabilized_sphere,1.5,3.838096649451371,3.2501856231590254,4.535790019160848,4.797826136074876,3.7425559971991396,6.050151210105184,,,,14.459858538605936,14.24754984787143,14.71181697831979,,,
p11,worldStabilized_sphere_VR,1.5,3.5446989515962106,2.8488255395361075,4.372937717353395,4.479786041295564,3.244107961623998,5.9505135935093305,,,,14.591527849789479,14.272170050376879,14.971638488707882,,,
p11,worldStabilized_walking,1.5,4.597944787980452,5.947285624112325,4.19448802480416,7.715183498042085,8.139038367246176,7.587893425770101,,,,18.491100844005608,17.820361875497937,18.691263951699895,,,
p12,calibration,1.5,5.38552958906532,5.38552958906532,,5.787128185316467,5.787128185316467,,2.284832075871585,1.6649189126662647,,7.077592663243675,7.077592663243675,,1.9708059639657018,1.4368981712186235,
p12,screenStabilized_headConstrained,1.5,5.46625907943084,4.501410855926336,5.754481685406485,5.746918358193123,4.930434836098959,5.990834133489345,,,1.4651512067712908,6.478974227352602,6.669822748818424,6.421917617896026,,,1.26623372968634
p12,screenStabilized_walking,1.5,7.443257433221371,8.410827358097333,7.153748958524096,10.89598278401777,9.6184345787339,11.278327342051924,,,,21.783378696316486,21.295978951534053,21.929277143404025,,,
p12,worldStabilized_bodyConstrained,1.5,4.929267558289531,4.180957352665054,5.152518608964759,5.516819314928344,4.91073594848477,5.69762100597756,,,,7.359699464445365,7.685571290311923,7.262363579718634,,,
p12,worldStabilized_sphere,1.5,6.419975269953335,6.589432432886419,6.218766498486723,8.489774773759866,8.446517608760573,8.541107819277423,,,,19.826220305728185,20.003840688446374,19.615336227269648,,,
p12,worldStabilized_sphere_VR,1.5,5.982332621915898,6.4592567915233605,5.41534621740977,7.67980993367283,7.816306404555062,7.517569123002066,,,,19.141472486019296,19.58050434157225,18.619513026816037,,,
p12,worldStabilized_walking,1.5,8.94893680104327,8.233835728955556,9.16297167158038,14.132142398927968,17.232940710701342,13.204051264503423,,,,26.016592664499115,28.061410559378974,25.40456402898773,,,
p13,calibration,1.5,2.729634046545484,2.729634046545484,,2.9081056131067937,2.9081056131067937,,2.6796913708708985,1.610611122988682,,3.3676670793937196,3.3676670793937196,,2.5582387548648624,1.53230284812411,
p13,screenStabilized_headConstrained,1.5,3.086923050162947,3.321305422511943,3.0168031160529987,3.181324510868653,3.4768593363774354,3.0929096600239205,,,1.942669745840041,3.303585127509616,3.8809837263167375,3.1308453804980667,,,1.8384634842389733
p13,screenStabilized_walking,1.5,3.51738508403884,3.4303728332062766,3.5433674812699962,5.372771217969051,4.081849836849312,5.757856397795174,,,,9.314721802043426,8.36491252275075,9.59793913630802,,,
p13,worldStabilized_bodyConstrained,1.5,2.8008670426928792,3.039013050582213,2.7296211455957935,3.0464918225947732,3.3803585210581106,2.946609264605741,,,,3.4634751830320916,3.905340124325803,3.331282901426216,,,
p13,worldStabilized_sphere,1.5,3.35728629198468,2.833455197107921,3.978975943047209,4.504326453304898,3.513280837941929,5.6805124583510604,,,,8.244674999685325,7.711649339067097,8.877276882616847,,,
p13,worldStabilized_sphere_VR,1.5,3.596386440547951,3.2149570362402384,4.050465597661001,4.805467319552479,4.071873377887192,5.678797853106188,,,,8.241808506512022,7.942625714224169,8.598011219870184,,,
p13,worldStabilized_walking,1.5,5.516838577242099,5.708263596077555,5.459559196400916,9.572426741170108,10.195737980185225,9.385855579376727,,,,12.418447323233593,13.038067180127449,12.23297993418991,,,
p15,calibration,1.5,1.8290548723338116,1.8290548723338116,,1.9017196693812877,1.9017196693812877,,2.9427947748238292,0.5560126944465397,,4.026491916333536,4.026491916333536,,2.5602094666754702,0.4814771870266431,
p15,screenStabilized_headConstrained,1.5,2.2155420214655615,1.9470583631311837,2.295864002352301,2.291526146731222,2.042303914238154,2.3660857065906438,,,0.6744624275998273,3.686813320244907,4.2127238456038,3.5294772073951544,,,0.5858306196819767
p15,screenStabilized_walking,1.5,3.229023332103318,3.501722092141044,3.1477084237504096,6.029619899839107,4.822789486766801,6.389420977725697,,,,19.332756572114583,18.265928730417002,19.65082857194588,,,
p15,worldStabilized_bodyConstrained,1.5,1.67146253846638,1.6548613083038557,1.6763125207977296,1.8834738680684966,1.9412201288612614,1.8660915094261674,,,,5.2033676491897625,6.326075275918728,4.868149819550119,,,
p15,worldStabilized_sphere,1.5,2.473072578308836,1.8005722206984278,3.2711842266829736,3.29103844992975,2.2546763208547658,4.520971833326207,,,,17.35282902353879,17.244326118887408,17.481581171629255,,,
p15,worldStabilized_sphere_VR,1.5,2.6305423601560243,1.9097119707317969,3.4865529127167516,3.4933419067509797,2.329065167560649,4.875958614374172,,,,17.11082432015182,17.01459615627934,17.22509806183811,,,
p15,worldStabilized_walking,1.5,3.161872708257449,3.155562838901279,3.1637984373502173,5.101131007208201,5.115449985539033,5.09699653666443,,,,19.34306413991547,18.04813940961521,19.72857282665764,,,
p16,calibration,1.5,2.0674708757694944,2.0674708757694944,,2.1379612774099095,2.1379612774099095,,2.7961273729241674,0.4405238122030772,,2.5484983168753814,2.5484983168753814,,2.5197126003597576,0.3942011023670428,
p16,screenStabilized_headConstrained,1.5,2.0993180263405,2.195899021588713,2.0703076651092776,2.18591916850931,2.3206976384850666,2.145427657174421,,,0.6806323693268282,2.2773484168250295,2.3992527247019386,2.240683124413132,,,0.6097249243538957
p16,screenStabilized_walking,1.5,4.817903360910581,5.469459368680772,4.623143884325069,7.985186727486173,7.728445763610354,8.06202720195077,,,,16.98569188950858,15.828826329292669,17.332588612506008,,,
p16,worldStabilized_bodyConstrained,1.5,2.667919539659473,1.866137529286852,2.9088418338193325,2.958437238467126,2.2392310106070923,3.174546869449706,,,,4.4506093439534755,4.34999569910422,4.480842087800649,,,
p16,worldStabilized_sphere,1.5,2.884053781614478,2.1450263473784883,3.7617602055884216,3.79987996350834,2.662057908034326,5.151228416662445,,,,14.4361731418476,14.237736076496713,14.67185815669467,,,
p16,worldStabilized_sphere_VR,1.5,3.1284850685720684,2.3738680662339657,4.027204096310792,4.033746585963769,2.9136712936434614,5.367706620831373,,,,14.394636994380782,14.084010786711989,14.764558889507509,,,
p16,worldStabilized_walking,1.5,3.468615599446707,2.9304255369427885,3.630789459060565,5.394795634661248,3.931647002709945,5.835630307452424,,,,15.743313240550481,14.60778136908744,16.0853576445083,,,
p17,calibration,1.5,2.6900806847712344,2.6900806847712344,,2.800528659482777,2.800528659482777,,3.1090444687253416,0.7449750953482661,,3.7729413507269665,3.7729413507269665,,2.646198716878644,0.6360800333258837,
p17,screenStabilized_headConstrained,1.5,3.0832046554303703,3.3978578935496597,2.9887798740163984,3.183951912324135,3.534843476350275,3.0786510566692904,,,1.0741473437665436,4.365343401829111,5.762531104835397,3.9459450016867437,,,0.906637861418147
p17,screenStabilized_walking,1.5,5.306825107864912,6.838511411188593,4.846828892938316,8.086858020697463,9.266472395036661,7.7325523184888745,,,,22.05524118937599,20.997226872155515,22.372941626672656,,,
p17,worldStabilized_bodyConstrained,1.5,1.9243616058457573,1.8646202786474422,1.9423128519189583,2.195142153835496,2.1664551363102778,2.2037706694839243,,,,5.811631828509711,7.1494311343872425,5.409962787017397,,,
p17,worldStabilized_sphere,1.5,3.797524570917106,2.769759825219264,5.017944012196061,4.949107112585196,3.4550989986881135,6.723211026910214,,,,20.880097572482494,20.608505529060004,21.202579350593314,,,
p17,worldStabilized_sphere_VR,1.5,4.54862296492526,3.666223269314184,5.599131863838799,5.916133382637761,4.560789051870687,7.529662220815458,,,,20.774832940580126,20.72750297772145,20.831247821176763,,,
p17,worldStabilized_walking,1.5,4.359166454097891,4.293183252059008,4.378823595696412,6.9464285165547786,7.89578218968243,6.660280603574998,,,,23.353209282175307,22.289732044847476,23.67158807262276,,,
p19,calibration,1.5,1.5236978245270651,1.5236978245270651,,1.5928630360617113,1.5928630360617113,,3.2239986786542376,0.3428839106158882,,3.119155824648197,3.119155824648197,,2.824148742800194,0.30077297230228184,
p19,screenStabilized_headConstrained,1.5,1.5633685927098515,1.727581025958056,1.5142319379885758,1.6097164404405309,1.791940800640519,1.5551901007210047,,,0.5056802314417986,2.918623754186651,4.142294078663651,2.5524539299808993,,,0.44398848493414367
p19,screenStabilized_walking,1.5,2.568662196629016,2.7904951368848074,2.502316312720474,4.032254517268495,3.9789482370470917,4.048129344664934,,,,16.059002526582972,14.629122474990394,16.486676667188775,,,
p19,worldStabilized_bodyConstrained,1.5,1.9461209318240438,2.0464354026097418,1.9161186374572134,2.245187319195236,2.502167774824988,2.1683385024034445,,,,5.3478081040810475,6.553747263811102,4.987122753015407,,,
p19,worldStabilized_sphere,1.5,2.699690102492414,1.9106036540937261,3.6360253904832125,3.656363943023549,2.408370886053023,5.137241293920588,,,,16.509001773668608,16.37242670194812,16.671062739372946,,,
p19,worldStabilized_sphere_VR,1.5,2.8906907263902863,1.9834319183078084,3.97151504360947,3.9344978403427815,2.4960450769958773,5.648092310316775,,,,16.32859664790979,16.160707871878987,16.52868440503193,,,
p19,worldStabilized_walking,1.5,1.8328019232358208,1.4619998973477901,1.9438271920399677,3.1138984801831366,2.3262715252219275,3.349745076556805,,,,18.259579001488458,17.40150558308801,18.51666332889853,,,
p20,calibration,1.5,1.4229399748949643,1.4229399748949643,,1.4932335762154487,1.4932335762154487,,2.550201822086522,0.3236280206445442,,2.530647275302946,2.530647275302946,,2.378077377638933,0.3017488080642071,
p20,screenStabilized_headConstrained,1.5,1.1962240732637768,1.2709410544483517,1.1738710705825186,1.2448392050632202,1.3553265338242775,1.211784824159635,,,0.41767286067700315,1.9091005328057924,2.481244827833952,1.7379327104704982,,,0.38946618748091966
p20,screenStabilized_walking,1.5,2.2654893590365823,2.5436586090577267,2.1823969039177573,3.617307098808618,3.325677124116285,3.7043602532887547,,,,9.412437799060763,9.854980226854508,9.28030530843947,,,
p20,worldStabilized_bodyConstrained,1.5,1.15798634710998,1.05736545954775,1.188088994912531,1.2685016758943228,1.2125155790455207,1.2852509791067066,,,,2.965306224277548,3.48078683577073,2.8110904180690612,,,
p20,worldStabilized_sphere,1.5,2.147432784969081,1.3601750821515624,3.081760608093169,2.930065330949806,1.7268221718706496,4.358090179087706,,,,8.845353001751459,8.5383272408904,9.209735223432716,,,
p20,worldStabilized_sphere_VR,1.5,2.415304872068223,1.506954506560215,3.4982206147829995,3.3001247219301657,1.8899153012593972,4.981320647021496,,,,8.628604161976725,7.986062385888006,9.394586739294576,,,
p20,worldStabilized_walking,1.5,2.248953088720343,2.0725345742039147,2.3017320348914625,3.5181393938991636,2.6765193618915126,3.7699259962726432,,,,9.61403289776403,9.593734738403931,9.620105477295583,,,
p21_incomplete,calibration,1.5,1.73348652969193,1.73348652969193,,1.8494891749566826,1.8494891749566826,,3.0840224237425224,0.6274090190373016,,3.0044969171036042,3.0044969171036042,,2.7658944899888187,0.5690845302219433,
p21_incomplete,screenStabilized_headConstrained,1.5,1.4615677950539088,1.7931797041754036,1.3623598000812733,1.5145334165807651,1.893440799745283,1.401176083113264,,,0.5033628644378246,2.5229383364909594,3.37250695935586,2.2687737623374713,,,0.46106800885219545
p21_incomplete,screenStabilized_walking,1.5,3.457973648675927,4.365627629513586,3.1868234880915987,5.4138582924658145,6.784931605918285,5.003479201114254,,,,14.765524267450653,15.467496095695713,14.554986160417503,,,
p21_incomplete,worldStabilized_bodyConstrained,1.5,1.4892041382192565,1.2320624644914724,1.5661386510590773,1.7064380193643158,1.4894225359374658,1.771362993240722,,,,4.514509335549887,5.5675032432066,4.199367120701062,,,
p21_incomplete,worldStabilized_sphere,1.0,2.47830332652947,1.850164105986993,3.223873519483804,3.3197486682676423,2.2695462572450245,4.566286997065231,,,,12.827005904015149,12.088882123117251,13.703122331314429,,,
p21_incomplete,worldStabilized_sphere_VR,1.5,3.0457868664591676,2.3095473930187818,3.9202006282593134,4.463983164474202,3.0732030616394237,6.115589971274579,,,,13.98619377816596,13.034325190220876,15.116613752908428,,,
p21_incomplete,worldStabilized_walking,1.0,3.710817428327061,4.31670191228487,3.5299898114932686,5.382071439668277,5.329197682577639,5.397851733999787,,,,15.80438852084116,13.701837178706214,16.4318998015153,,,
p22,calibration,1.5,2.414275005439524,2.414275005439524,,2.5310469488676604,2.5310469488676604,,2.4625084294459967,0.5530897518614248,,2.989041006142531,2.989041006142531,,2.327234304937299,0.5297177413973997,
p22,screenStabilized_headConstrained,1.5,2.1023948232212137,2.0802951443800475,2.1090063614894854,2.17059607505907,2.1955537225899873,2.1631295212271056,,,0.6040668485096847,2.3973595785384627,2.9099982526293484,2.2439939918298313,,,0.5804901877436646
p22,screenStabilized_walking,1.5,5.719384611685944,6.668695176390544,5.4361088811162945,9.010562973958569,11.029313840089186,8.407988532004854,,,,15.796148915048857,15.716055580077596,15.821473947925167,,,
p22,worldStabilized_bodyConstrained,1.5,2.2626634914837593,1.8981434575118867,2.371774734186628,2.506473490340063,2.233697242330054,2.588133285154317,,,,3.721297623583909,3.590183227661802,3.760559202861244,,,
p22,worldStabilized_sphere,1.5,4.8787943868955,4.680876809495864,5.113644646054222,6.480988945934589,5.962031165299576,7.096775730752739,,,,12.350376107756535,12.13508725280097,12.605835635911937,,,
p22,worldStabilized_sphere_VR,1.5,3.6416557715295266,3.22337489993273,4.139568299339768,4.997299455722828,4.253535652452374,5.882380073149088,,,,11.446437628583924,10.846423963448782,12.16006421160429,,,
p22,worldStabilized_walking,1.5,5.439839279359445,5.396853635732842,5.45268965088443,8.705125383274051,7.956031312302,8.929606339477074,,,,15.442172749053004,16.33688900199964,15.174080386462887,,,
p23,calibration,1.5,1.0051572689031445,1.0051572689031445,,1.060903268600204,1.060903268600204,,3.2422820159556305,0.38465293529029143,,3.271100654994992,3.271100654994992,,2.8409334711066254,0.3411189153882128,
p23,screenStabilized_headConstrained,1.5,1.233348746993157,1.258529586564885,1.2257737562692799,1.2871796145263663,1.333831325232495,1.2731534438499628,,,0.4472227626332606,2.9825548138309363,3.8997451065553332,2.7069258210535527,,,0.39711679688718166
p23,screenStabilized_walking,1.5,2.8504218348237558,2.6151321558999094,2.921059392228191,4.989713399771481,3.624235972968675,5.399718057167702,,,,17.889052694494012,16.913886029183068,18.182125491060127,,,
p23,worldStabilized_bodyConstrained,1.5,1.3973902659072828,1.1566873779915547,1.4697495515100314,1.6677533507400697,1.4393582178336919,1.7364142946610641,,,,5.139963373669252,6.015937578573029,4.876645846759949,,,
p23,worldStabilized_sphere,1.5,2.3373995163024768,1.4350558567287197,3.4091704007595935,3.3250678002038168,1.908191207056531,5.007977492030063,,,,15.804653353889485,15.419918857706392,16.261636570114337,,,
p23,worldStabilized_sphere_VR,1.5,2.352903297510369,1.4892650390710571,3.3797647288766557,3.228506881392259,1.8962228351882382,4.812590921371807,,,,15.800198369152236,15.501651207845285,16.155150949493343,,,
p23,worldStabilized_walking,1.5,3.4518109587863326,3.0187090620417787,3.5820644078779904,5.224086488939976,5.491834227337858,5.143174853030018,,,,16.864603259895837,15.95928973903331,17.136683875091784,,,
p24_incomplete,calibration,1.5,3.1206920351266447,3.1206920351266447,,3.3389798809635094,3.3389798809635094,,2.8311958185384842,0.43585628933785103,,3.5957520472987445,3.5957520472987445,,2.7826264093416007,0.42716269907747745,
p24_incomplete,screenStabilized_headConstrained,1.0,1.9279936397483568,2.3682092677058155,1.7962947815228565,1.998567122635805,2.5039360667073565,1.847376413606088,,,0.4156643635437506,2.2138097110319546,2.9115199426943623,2.005076456130181,,,0.4079029544750938
p24_incomplete,screenStabilized_walking,1.5,4.893863327472149,4.702476146433167,4.951171721507992,7.586451507863723,6.825876677838574,7.813895016731131,,,,9.507530477680113,8.175300097801502,9.905610254517637,,,
p24_incomplete,worldStabilized_bodyConstrained,1.5,3.0005225802344757,2.8203979187729225,3.054410290588624,3.540539845324053,3.469886635639841,3.5616770936506317,,,,4.879039721267341,5.229484283184578,4.774197580859967,,,
p24_incomplete,worldStabilized_sphere,1.5,4.14729348549037,3.320261716890456,5.129487898762198,5.625789283149168,4.0399379306789776,7.5091131681487795,,,,8.343854645141574,7.08988874626846,9.833070933542182,,,
p24_incomplete,worldStabilized_sphere_VR,1.5,4.142307822579959,3.1322011934558445,5.337559561600611,5.608448782192436,3.734289205706213,7.8260784038213895,,,,8.423344165931287,6.87482897817118,10.255602242183985,,,
p24_incomplete,worldStabilized_walking,1.5,9.704836292857044,8.744728339210793,9.992164804784752,15.785544474114921,13.92857070690837,16.34134000585022,,,,16.502009648598893,15.309304534744207,16.858959126348662,,,
p25,calibration,1.5,2.3933822763291905,2.3933822763291905,,2.4836706178108208,2.4836706178108208,,2.8485724798573493,1.2685739789486858,,3.3561554168556382,3.3561554168556382,,2.4644934004403316,1.0637419309984764,
p25,screenStabilized_headConstrained,1.5,2.178019707684877,2.541770099204859,2.069196875872805,2.2683694576455187,2.6757003692703867,2.146508686300683,,,0.9944496197079051,3.100793444974436,4.07112816666674,2.8104994008116417,,,0.8427042567244143
p25,screenStabilized_walking,1.5,3.0519033349909375,3.123432155183851,3.0305846178105886,4.301528529499952,3.700955234048264,4.481044144630138,,,,18.61167331932464,17.37345430210413,18.981598520332035,,,
p25,worldStabilized_bodyConstrained,1.5,1.8954728573682156,2.037353719646745,1.8530265052184063,2.2312113608456956,2.496622528057233,2.151808573979086,,,,5.748803012799659,6.907383774447689,5.4021915938024625,,,
p25,worldStabilized_sphere,1.5,2.803402180061335,2.2346727346177278,3.4782701507531995,3.7891318023774954,2.661617063915404,5.126970099874634,,,,18.67552650936267,18.38954280025601,19.014841704188775,,,
p25,worldStabilized_sphere_VR,1.5,3.057479173203175,2.3388733928474346,3.9098980615002503,4.16660163778805,2.784997515053376,5.805412454718612,,,,18.601750296072424,18.067147154442978,19.23580012564439,,,
p25,worldStabilized_walking,1.5,3.5951084819266703,3.4684202188713757,3.6331320969550243,5.796136202454726,4.94801880302407,6.050847696410193,,,,21.070823530367235,20.51899271778113,21.23599582949631,,,
p26,calibration,1.5,2.692121412720794,2.692121412720794,,2.81221467406169,2.81221467406169,,2.485020439113556,0.36276707357969074,,4.17132279383499,4.17132279383499,,2.1983080893340645,0.3195284089035998,
p26,screenStabilized_headConstrained,1.5,1.6107779919250524,1.6734603072620793,1.591946940203528,1.6743529228430096,1.7712320122422063,1.6452506623205183,,,0.39973267390328326,2.650090192198717,3.4558950783303946,2.4080278244916595,,,0.3517992587012696
p26,screenStabilized_walking,1.5,3.094256566815061,3.0475018992532146,3.108250258847699,5.415442549330912,4.033489232416039,5.830254278947169,,,,17.22798508157651,15.768937491183816,17.665584895875675,,,
p26,worldStabilized_bodyConstrained,1.5,1.7617655393720724,1.6443692513375665,1.7970601936424795,1.9915653996268303,1.9197655591736464,2.0131466097015354,,,,4.3072297906319506,5.233777051926552,4.028600098295427,,,
p26,worldStabilized_sphere,1.5,3.000086281319306,2.1811319489643086,3.9743842733116805,4.054964166806513,2.8277894651588698,5.514913317964208,,,,16.53972848395955,16.32589029657192,16.794116298301894,,,
p26,worldStabilized_sphere_VR,1.5,2.680244661979696,1.622203764102276,3.9401876101648976,3.7186516884501337,2.060148359152625,5.693663100997876,,,,17.095571961888503,16.615785055287198,17.666988632457773,,,
p26,worldStabilized_walking,1.5,3.268673268001257,3.3332358045421024,3.2492746921275892,5.083054287757377,4.666200199069282,5.208395259577544,,,,17.718198499194635,15.944452553350391,18.25146854063164,,,
p27,calibration,1.5,2.8884543539316008,2.8884543539316008,,3.055406563343683,3.055406563343683,,3.1099909778926724,0.4479868232900266,,3.4939214625202752,3.4939214625202752,,2.834951683253954,0.40776521565697554,
p27,screenStabilized_headConstrained,1.5,2.324142427336721,2.9029496545444182,2.150981262410318,2.4412692230131494,3.141911020784413,2.2316589344832423,,,0.5408105705030304,3.273875587493838,4.9143816226073165,2.783087078374016,,,0.49087133408521366
p27,screenStabilized_walking,1.5,3.436132046866871,3.81823916463353,3.322070354729841,5.513611580696408,5.239873455441886,5.59505627492769,,,,14.704870886553275,15.330723320686188,14.51875957135318,,,
p27,worldStabilized_bodyConstrained,1.5,1.5647863715922838,1.4643150184595717,1.5948442833328182,1.7805866135667503,1.787444317591488,1.778535001282341,,,,3.542883055006868,4.0679131123586565,3.385810350868383,,,
p27,worldStabilized_sphere,1.5,2.69703089190034,2.090453900599921,3.416807589676287,3.5976928176134972,2.54463221959777,4.847271056630541,,,,12.166121146509132,11.592855736299873,12.846350098895293,,,
p27,worldStabilized_sphere_VR,1.5,2.952072186256486,2.275019746127037,3.7584778946452024,4.017904211954981,2.7799634889587956,5.4923486224542835,,,,12.023937711210465,11.329189089224041,12.851398433560286,,,
p27,worldStabilized_walking,1.5,3.6021880170301275,4.36326346544695,3.374362015195853,5.88919717210558,6.072889828208584,5.834183849051426,,,,14.353316840998723,11.881056911045679,15.09411388741219,,,
p28,calibration,1.5,3.505307223631595,3.505307223631595,,3.6875796363419964,3.6875796363419964,,2.5886977881916904,1.0596494703239863,,3.330584467723069,3.330584467723069,,2.5780035484009827,1.0621393450107646,
p28,screenStabilized_headConstrained,1.5,3.534908777937143,4.215939406484741,3.330431698195474,3.692292621852804,4.498448890208362,3.4502465196283554,,,0.9782074748516127,3.2314099652398536,4.21073187143257,2.9373543612929143,,,0.9832838987775658
p28,screenStabilized_walking,1.5,3.566297692378346,3.839066781602125,3.484372072090483,5.396006963454514,5.302727520266557,5.424056004376303,,,,8.822173694403904,9.477730837818754,8.625393612328754,,,
p28,worldStabilized_bodyConstrained,1.5,2.191670444123048,2.3516603611466773,2.143700892319275,2.489925589263311,2.7387969325082526,2.4152281496459294,,,,2.726442586297753,2.891537719935889,2.6768748957641355,,,
p28,worldStabilized_sphere,1.5,3.672784585381489,3.5952867397433366,3.7648773416629493,4.898663346265998,4.5173385356169415,5.351969000231875,,,,8.339240254492037,8.317498457195327,8.36504865961373,,,
p28,worldStabilized_sphere_VR,1.5,4.527726797275946,4.433859868964367,4.639188071686918,5.985736813866653,5.603899551494571,6.439081431189271,,,,9.184787312957791,9.123475150829758,9.257571113731672,,,
p28,worldStabilized_walking,1.5,4.73747228658627,5.06187592234884,4.640036411399489,7.239000249185519,7.75306528169053,7.08464753303033,,,,11.28488853187715,11.264892213488995,11.290895711933427,,,
p29,calibration,1.5,2.8920440517622836,2.8920440517622836,,3.022891688574788,3.022891688574788,,3.2658567582792966,0.3785027763181341,,3.296607938213717,3.296607938213717,,3.079030987455997,0.3493769448656364,
p29,screenStabilized_headConstrained,1.5,2.5824584087205364,3.04024311134482,2.445503428434047,2.6366756135065286,3.1140508177212918,2.493859762938123,,,0.39866899605040806,2.2256147303212606,2.5959264734846945,2.114828945662947,,,0.37225705366808937
p29,screenStabilized_walking,1.5,3.0346226886380254,3.117372193407672,3.0098559353161,4.792958725839377,5.181981912969516,4.67647714834189,,,,12.097101063905743,13.595308852603086,11.648762554874782,,,
p29,worldStabilized_bodyConstrained,1.5,2.304296328599345,2.4759296341629042,2.252948968486147,2.697531088280128,3.0858241859193454,2.5813658402329387,,,,4.138693670507573,4.795398984325682,3.942227814850078,,,
p29,worldStabilized_sphere,1.5,2.5574289019203835,1.9729245775751014,3.251091732009533,3.469693606372014,2.545176644537597,4.566866953653997,,,,11.353787180209606,10.704835679265205,12.123940667223383,,,
p29,worldStabilized_sphere_VR,1.5,2.6567852252591933,1.8759232724207222,3.586427090529991,3.6099590336131464,2.4057679950827406,5.0436093175689765,,,,11.723802202063787,11.054408428465472,12.520789172308294,,,
p29,worldStabilized_walking,1.5,2.8710797401072568,3.116321120755165,2.797711127614254,4.438694143460115,4.514222183822639,4.416098497035871,,,,12.728568319210057,13.082005187175461,12.62283097366916,,,
p30_incomplete,calibration,1.5,2.260972702341066,2.260972702341066,,2.346297857452975,2.346297857452975,,2.9216901252153065,0.8666436578843161,,3.0489248987777815,3.0489248987777815,,2.5652076704124114,0.755157439752313,
p30_incomplete,screenStabilized_headConstrained,1.5,3.477227604641076,4.7905876978264565,3.0828737347498683,3.6075489634924818,5.013936380885012,3.18525991997586,,,0.7407954470050834,4.549569543928978,6.508293288471504,3.9614122806557193,,,0.642197398475834
p30_incomplete,screenStabilized_walking,1.5,3.2846807416131516,3.5374918381017872,3.208834479256362,5.414477923793246,4.68682640694823,5.632887722912063,,,,18.544507489822806,17.307233191730386,18.915868329614256,,,
p30_incomplete,worldStabilized_bodyConstrained,1.5,2.388029088245867,2.391293769152208,2.3870584929261263,2.8850414640598583,3.0421351670282695,2.8377714690381333,,,,6.0334678415203165,6.708743443144391,5.830189247575749,,,
p30_incomplete,worldStabilized_sphere,2.0,3.675635116884561,3.1897267698179625,4.253323202273078,4.893281167544808,4.104386553451964,5.831184420164068,,,,16.274889973199333,16.21977335233243,16.340417176783916,,,
p30_incomplete,worldStabilized_sphere_VR,1.5,4.769699713033272,4.075477724023418,5.593267450129268,6.322733725068048,5.20650620975122,7.646885816727673,,,,16.51278640173036,16.294061543269528,16.77214463489967,,,
p30_incomplete,worldStabilized_walking,1.5,5.04069434204486,5.037928212692062,5.041507898497178,7.516858806589132,8.241604275300043,7.2987609932646595,,,,18.87145119658544,19.633310368760807,18.642269623986266,,,
p31,calibration,1.5,2.458747382077422,2.458747382077422,,2.5611658508385626,2.5611658508385626,,2.839183855018817,0.790396032780136,,2.734536148139071,2.734536148139071,,2.761378903445572,0.7626424167403579,
p31,screenStabilized_headConstrained,1.5,2.801107893779856,3.1516906219229384,2.6957683903526313,2.8863755138613603,3.3194167138119557,2.7562550905311154,,,1.2690802392789329,2.9876478818377787,3.429163536955294,2.854967379508177,,,1.223132652355699
p31,screenStabilized_walking,1.5,3.611940529062757,4.346309730581847,3.390852431197975,5.895385010002882,8.250889366934441,5.186452986526669,,,,8.59605501481904,9.420916468448176,8.347854650540759,,,
p31,worldStabilized_bodyConstrained,1.5,2.920395009656652,2.479613686530902,3.052855508074175,3.5846448019886212,3.171278434718118,3.708873864401233,,,,3.9729866392186057,3.7716986432180253,4.033470758126468,,,
p31,worldStabilized_sphere,1.5,3.446290160667013,2.613039502170799,4.4361122372497785,4.789431062052346,3.2824023265310087,6.5796374024396895,,,,7.579607336395297,6.490403859109164,8.873477456777255,,,
p31,worldStabilized_sphere_VR,1.5,3.350464870375866,2.595941365360021,4.247584194959838,4.621756753080765,3.286704612069509,6.20909551839579,,,,7.22883925581586,6.351849157232898,8.271533731061627,,,
p31,worldStabilized_walking,1.5,8.90289419570325,10.3222986732566,8.477098350001423,13.379427418587333,13.532735155057829,13.333725256424383,,,,14.678616561445327,13.962836861519758,14.893713951928389,,,
p32,calibration,1.5,2.1278788303799465,2.1278788303799465,,2.239899725612846,2.239899725612846,,3.323095404251514,0.4984161756295462,,2.886069598060266,2.886069598060266,,2.783078103076814,0.41965604686566105,
p32,screenStabilized_headConstrained,1.5,2.0749943672906728,2.809842878200385,1.8550307995931279,2.163523483751409,2.983826899659657,1.9179796872891484,,,0.4277894351345576,3.0602445670117353,4.900616438368779,2.5092855698198626,,,0.35639174568748044
p32,screenStabilized_walking,1.5,2.4053249089112527,2.236270623838222,2.45560410771576,3.988479083715823,2.9400605150981036,4.3002059807563295,,,,23.203797907869074,24.842836367803734,22.716793475053898,,,
p32,worldStabilized_bodyConstrained,1.5,2.5662035222652912,2.7787804600163453,2.5024907449470986,2.9588451234451094,3.3197806976575004,2.8506264313974707,,,,6.734379823198754,8.14802991042263,6.310434045145895,,,
p32,worldStabilized_sphere,1.5,3.3562670803461203,3.0270302104165046,3.7472522319020185,4.182683709590014,3.5561974386214743,4.926614396373417,,,,20.829396510520105,20.63955747296407,21.054829978726325,,,
p32,worldStabilized_sphere_VR,1.5,3.7056148722040083,3.340091343139081,4.140152716275054,4.647219410236554,3.951980790229066,5.47373003114125,,,,21.414540151204193,21.177254172960446,21.696621392750007,,,
p32,worldStabilized_walking,1.5,2.876472332274898,3.005442325966947,2.8378601380211945,4.821520900949325,3.937820387930628,5.086754073417669,,,,22.313385012822806,22.670406487063502,22.205475817782606,,,
p33,calibration,1.5,2.1615163489849802,2.1615163489849802,,2.2513988797917843,2.2513988797917843,,3.0185353682256535,0.7405336786498806,,4.059937917224278,4.059937917224278,,2.602035886151392,0.6429586245475922,
p33,screenStabilized_headConstrained,1.5,2.436819058135816,2.0446391129669417,2.554147130374704,2.5845339752802823,2.1637957237092857,2.7104058067752064,,,0.8462881432578728,3.7074091159940243,4.389122481589247,3.5034616271178916,,,0.7405391585912922
p33,screenStabilized_walking,1.5,5.519868376437001,5.964190613423122,5.38691563716919,8.218364628549317,7.5594791299187065,8.415042346228018,,,,20.771744801548838,18.913751833009805,21.327316499325235,,,
p33,worldStabilized_bodyConstrained,1.5,2.1970870296030975,1.900924150706672,2.2856644355587736,2.5425405345914402,2.2289034896039173,2.6363429570906893,,,,6.225159418028715,7.378832318984321,5.8801693194945726,,,
p33,worldStabilized_sphere,1.5,4.260655329317743,3.508892331320064,5.1525609105630625,5.7879215153180485,4.376687151647881,7.462209592691611,,,,19.740425425996662,19.263445274911234,20.306288522354663,,,
p33,worldStabilized_sphere_VR,1.5,3.9663415353619778,2.994059044037077,5.120127945903439,5.308848574962035,3.639784062236359,7.289427285598455,,,,19.225232612546016,18.432991021950457,20.16539251442783,,,
p33,worldStabilized_walking,1.5,7.353273959358214,6.269067104179748,7.6780320587102295,11.574835704922169,8.913316246890462,12.371858298209482,,,,23.136599249142524,22.48450278824035,23.33211528466545,,,
